Tag Name,List,Rule ID,Level,Description,Tag Name,Description,Tag Name,Description,Tag Name,Description,Message (Display IF <col 6> = <col 8> AND <col 1> is greater than <col 10>)
IncidentTime,,1304,4,Injury Incident Time,IncidentDate,Injury Incident Date,EmsNotifyDate,EMS Dispatch Date,EmsNotifyTime,EMS Dispatch Time,"Injury Incident Time is later than EMS Dispatch Time"
IncidentTime,,1305,4,Injury Incident Time,IncidentDate,Injury Incident Date,EmsArrivalDate,EMS Unit Arrival on Scene Date,EmsArrivalTime,EMS Unit Arrival on Scene Time,"Injury Incident Time is later than EMS Unit Arrival on Scene Time"
IncidentTime,,1306,4,Injury Incident Time,IncidentDate,Injury Incident Date,EmsLeftDate,EMS Unit Scene Departure Date,EmsLeftTime,EMS Unit Scene Departure Time,"Injury Incident Time is later than EMS Unit Scene Departure Time"
IncidentTime,,1307,4,Injury Incident Time,IncidentDate,Injury Incident Date,HospitalArrivalDate,ED/Hospital Arrival Date,HospitalArrivalTime,ED/Hospital Arrival Time,"Injury Incident Time is later than ED/Hospital Arrival Time"
IncidentTime,,1308,4,Injury Incident Time,IncidentDate,Injury Incident Date,EdDischargeDate,ED Discharge Date,EdDischargeTime,ED Discharge Time,"Injury Incident Time is later than ED Discharge Time"
IncidentTime,,1309,4,Injury Incident Time,IncidentDate,Injury Incident Date,HospitalDischargeDate,Hospital Discharge Date,HospitalDischargeTime,Hospital Discharge Time,"Injury Incident Time is later than Hospital Discharge Time"
EmsNotifyTime,,2903,4,EMS Dispatch Time,EmsNotifyDate,EMS Dispatch Date,EmsArrivalDate,EMS Unit Arrival on Scene Date,EmsArrivalTime,EMS Unit Arrival on Scene Time,"EMS Dispatch Time is later than EMS Unit Arrival on Scene Time"
EmsNotifyTime,,2904,4,EMS Dispatch Time,EmsNotifyDate,EMS Dispatch Date,EmsLeftDate,EMS Unit Scene Departure Date,EmsLeftTime,EMS Unit Scene Departure Time,"EMS Dispatch Time is later than EMS Unit Scene Departure Time"
EmsNotifyTime,,2905,4,EMS Dispatch Time,EmsNotifyDate,EMS Dispatch Date,HospitalArrivalDate,ED/Hospital Arrival Date,HospitalArrivalTime,ED/Hospital Arrival Time,"EMS Dispatch Time is later than ED/Hospital Arrival Time"
EmsNotifyTime,,2906,4,EMS Dispatch Time,EmsNotifyDate,EMS Dispatch Date,EdDischargeDate,ED Discharge Date,EdDischargeTime,ED Discharge Time,"EMS Dispatch Time is later than ED Discharge Time"
EmsNotifyTime,,2907,4,EMS Dispatch Time,EmsNotifyDate,EMS Dispatch Date,HospitalDischargeDate,Hospital Discharge Date,HospitalDischargeTime,Hospital Discharge Time,"EMS Dispatch Time is later than Hospital Discharge Time"
EmsArrivalTime,,3104,4,EMS Unit Arrival on Scene Time,EmsArrivalDate,EMS Unit Arrival on Scene Date,EmsLeftDate,EMS Unit Scene Departure Date,EmsLeftTime,EMS Unit Scene Departure Time,"EMS Unit Arrival on Scene Time is later than EMS Unit Scene Departure Time"
EmsArrivalTime,,3105,4,EMS Unit Arrival on Scene Time,EmsArrivalDate,EMS Unit Arrival on Scene Date,HospitalArrivalDate,ED/Hospital Arrival Date,HospitalArrivalTime,ED/Hospital Arrival Time,"EMS Unit Arrival on Scene Time is later than ED/Hospital Arrival Time"
EmsArrivalTime,,3106,4,EMS Unit Arrival on Scene Time,EmsArrivalDate,EMS Unit Arrival on Scene Date,EdDischargeDate,ED Discharge Date,EdDischargeTime,ED Discharge Time,"EMS Unit Arrival on Scene Time is later than ED Discharge Time"
EmsArrivalTime,,3107,4,EMS Unit Arrival on Scene Time,EmsArrivalDate,EMS Unit Arrival on Scene Date,HospitalDischargeDate,Hospital Discharge Date,HospitalDischargeTime,Hospital Discharge Time,"EMS Unit Arrival on Scene Time is later than Hospital Discharge Time"
EmsLeftTime,,3305,4,EMS Unit Scene Departure Time,EmsLeftDate,EMS Unit Scene Departure Date,HospitalArrivalDate,ED/Hospital Arrival Date,HospitalArrivalTime,ED/Hospital Arrival Time,"EMS Unit Scene Departure Time is later than ED/Hospital Arrival Time"
EmsLeftTime,,3306,4,EMS Unit Scene Departure Time,EmsLeftDate,EMS Unit Scene Departure Date,EdDischargeDate,ED Discharge Date,EdDischargeTime,ED Discharge Time,"EMS Unit Scene Departure Time is later than the ED Discharge Time"
EmsLeftTime,,3307,4,EMS Unit Scene Departure Time,EmsLeftDate,EMS Unit Scene Departure Date,HospitalDischargeDate,Hospital Discharge Date,HospitalDischargeTime,Hospital Discharge Time,"EMS Unit Scene Departure Time is later than Hospital Discharge Time"
HospitalArrivalTime,,4607,4,ED/Hospital Arrival Time,HospitalArrivalDate,ED/Hospital Arrival Date,EdDischargeDate,ED Discharge Date,EdDischargeTime,ED Discharge Time,"ED/Hospital Arrival Time is later than ED Discharge Time"
HospitalArrivalTime,,4608,4,ED/Hospital Arrival Time,HospitalArrivalDate,ED/Hospital Arrival Date,HospitalDischargeDate,Hospital Discharge Date,HospitalDischargeTime,Hospital Discharge Time,"ED/Hospital Arrival Time is later than Hospital Discharge Time"
EdDischargeTime,,6408,4,ED Discharge Time,EdDischargeDate,ED Discharge Date,HospitalDischargeDate,Hospital Discharge Date,HospitalDischargeTime,Hospital Discharge Time,"ED Discharge Time is later than Hospital Discharge Time"
HospitalProcedures[].HospitalProcedureStartTime,HospitalProcedures,6707,4,Hospital Procedure Start Time,HospitalProcedures[].HospitalProcedureStartDate,Hospital Procedure Start Date,HospitalDischargeDate,Hospital Discharge Date,HospitalDischargeTime,Hospital Discharge Time,"Hospital Procedure Start Time is later than Hospital Discharge Time"
TbiCerebralMonitorTime,,10507,4,Cerebral Monitor Time,TbiCerebralMonitorDate,Cerebral Monitor Date,HospitalDischargeDate,Hospital Discharge Date,HospitalDischargeTime,Hospital Discharge Time,Cerebral Monitor Time should not be later than Hospital Discharge Time
VteProphylaxisTime,,10807,2,Venous Thromboembolism Prophylaxis Time,VteProphylaxisDate,Venous Thromboembolism Prophylaxis Date,HospitalDischargeDate,Hospital Discharge Date,HospitalDischargeTime,Hospital Discharge Time,"VTE Prophylaxis Time is later than Hospital Discharge Time"
HemorrhageControlSurgeryTime,,12304,2,Surgery For Hemorrhage Control Time,HemorrhageControlSurgeryDate,Surgery For Hemorrhage Control Date,HospitalDischargeDate,Hospital Discharge Date,HospitalDischargeTime,Hospital Discharge Time,"Surgery For Hemorrhage Control Time is later than Hospital Discharge Time"
AngiographyTime,,12007,2,Angiography Time,AngiographyDate,Angiography Date,HospitalDischargeDate,Hospital Discharge Date,HospitalDischargeTime,Hospital Discharge Time,"Angiography Time is later than Hospital Discharge Time"
WithdrawalOfLifeSupportingTreatmentTime,,14004,2,Withdrawal Of Life Supporting Treatment Time,WithdrawalOfLifeSupportingTreatmentDate,Withdrawal Of Life Supporting Treatment Date,HospitalDischargeDate,Hospital Discharge Date,HospitalDischargeTime,Hospital Discharge Time,"Withdrawal of Life Supporting Treatment Time is later than Hospital Discharge Time"