Tag Name,List,Rule ID,Level,Description,Tag Name,Description,Tag Name,Description,Tag Name,Description,Message (Display IF <col 6> = <col 8> AND <col 1> is greater than <col 10>)
IncidentTime,,1304,4,Injury Incident Time,IncidentDate,Injury Incident Date,EmsNotifyDate,EMS Dispatch Date,EmsNotifyTime,EMS Dispatch Time,"If Injury Incident Date and EMS Dispatch Date are the same, the Injury Incident Time cannot be later than the EMS Dispatch Time"
IncidentTime,,1305,4,Injury Incident Time,IncidentDate,Injury Incident Date,EmsArrivalDate,EMS Unit Arrival on Scene Date,EmsArrivalTime,EMS Unit Arrival on Scene Time,"If Injury Incident Date and EMS Unit Arrival on Scene Date are the same, the Injury Incident Time cannot be later than the EMS Unit Arrival on Scene Time"
IncidentTime,,1306,4,Injury Incident Time,IncidentDate,Injury Incident Date,EmsLeftDate,EMS Unit Scene Departure Date,EmsLeftTime,EMS Unit Scene Departure Time,"If Injury Incident Date and EMS Unit Scene Departure Date are the same, the Injury Incident Time cannot be later than the EMS Unit Scene Departure Time"
IncidentTime,,1307,4,Injury Incident Time,IncidentDate,Injury Incident Date,HospitalArrivalDate,ED/Hospital Arrival Date,HospitalArrivalTime,ED/Hospital Arrival Time,"If Injury Incident Date and ED/Hospital Arrival Date are the same, the Injury Incident Time cannot be later than the ED/Hospital Arrival Time"
IncidentTime,,1308,4,Injury Incident Time,IncidentDate,Injury Incident Date,EdDischargeDate,ED Discharge Date,EdDischargeTime,ED Discharge Time,"If Injury Incident Date and ED Discharge Date are the same, the Injury Incident Time cannot be later than the ED Discharge Time"
IncidentTime,,1309,4,Injury Incident Time,IncidentDate,Injury Incident Date,HospitalDischargeDate,Hospital Discharge Date,HospitalDischargeTime,Hospital Discharge Time,"If Injury Incident Date and Hospital Discharge Date are the same, the Injury Incident Time cannot be later than the Hospital Discharge Time"
EmsNotifyTime,,2903,4,EMS Dispatch Time,EmsNotifyDate,EMS Dispatch Date,EmsArrivalDate,EMS Unit Arrival on Scene Date,EmsArrivalTime,EMS Unit Arrival on Scene Time,"If EMS Dispatch Date and EMS Unit Arrival on Scene Date are the same, the EMS Dispatch Time cannot be later than the EMS Unit Arrival on Scene Time"
EmsNotifyTime,,2904,4,EMS Dispatch Time,EmsNotifyDate,EMS Dispatch Date,EmsLeftDate,EMS Unit Scene Departure Date,EmsLeftTime,EMS Unit Scene Departure Time,"If EMS Dispatch Date and EMS Unit Scene Departure Date are the same, the EMS Dispatch Time cannot be later than the EMS Unit Scene Departure Time"
EmsNotifyTime,,2905,4,EMS Dispatch Time,EmsNotifyDate,EMS Dispatch Date,HospitalArrivalDate,ED/Hospital Arrival Date,HospitalArrivalTime,ED/Hospital Arrival Time,"If EMS Dispatch Date and ED/Hospital Arrival Date are the same, the EMS Dispatch Time cannot be later than the ED/Hospital Arrival Time"
EmsNotifyTime,,2906,4,EMS Dispatch Time,EmsNotifyDate,EMS Dispatch Date,EdDischargeDate,ED Discharge Date,EdDischargeTime,ED Discharge Time,"If EMS Dispatch Date and ED Discharge Date are the same, the EMS Dispatch Time cannot be later than the ED Discharge Time"
EmsNotifyTime,,2907,4,EMS Dispatch Time,EmsNotifyDate,EMS Dispatch Date,HospitalDischargeDate,Hospital Discharge Date,HospitalDischargeTime,Hospital Discharge Time,"If EMS Dispatch Date and Hospital Discharge Date are the same, the EMS Dispatch Time cannot be later than the Hospital Discharge Time"
EmsArrivalTime,,3104,4,EMS Unit Arrival on Scene Time,EmsArrivalDate,EMS Unit Arrival on Scene Date,EmsLeftDate,EMS Unit Scene Departure Date,EmsLeftTime,EMS Unit Scene Departure Time,"If EMS Unit Arrival on Scene Date and EMS Unit Scene Departure Date are the same, the EMS Unit Arrival on Scene Time cannot be later than the EMS Unit Scene Departure Time"
EmsArrivalTime,,3105,4,EMS Unit Arrival on Scene Time,EmsArrivalDate,EMS Unit Arrival on Scene Date,HospitalArrivalDate,ED/Hospital Arrival Date,HospitalArrivalTime,ED/Hospital Arrival Time,"If EMS Unit Arrival on Scene Date and ED/Hospital Arrival Date are the same, the EMS Unit Arrival on Scene Time cannot be later than the ED/Hospital Arrival Time"
EmsArrivalTime,,3106,4,EMS Unit Arrival on Scene Time,EmsArrivalDate,EMS Unit Arrival on Scene Date,EdDischargeDate,ED Discharge Date,EdDischargeTime,ED Discharge Time,"If EMS Unit Arrival on Scene Date and ED Discharge Date are the same, the EMS Unit Arrival on Scene Time cannot be later than the ED Discharge Time"
EmsArrivalTime,,3107,4,EMS Unit Arrival on Scene Time,EmsArrivalDate,EMS Unit Arrival on Scene Date,HospitalDischargeDate,Hospital Discharge Date,HospitalDischargeTime,Hospital Discharge Time,"if EMS Unit Arrival on Scene Date and Hospital Discharge Date are the same, the EMS Unit Arrival on Scene Time cannot be later than the Hospital Discharge Time"
EmsLeftTime,,3305,4,EMS Unit Scene Departure Time,EmsLeftDate,EMS Unit Scene Departure Date,HospitalArrivalDate,ED/Hospital Arrival Date,HospitalArrivalTime,ED/Hospital Arrival Time,"if EMS Unit Scene Departure Date and ED/Hospital Arrival Date are the same, the EMS Unit Scene Departure Time cannot be later than the ED/Hospital Arrival Time"
EmsLeftTime,,3306,4,EMS Unit Scene Departure Time,EmsLeftDate,EMS Unit Scene Departure Date,EdDischargeDate,ED Discharge Date,EdDischargeTime,ED Discharge Time,"If EMS Unit Scene Departure Date and ED Discharge Date are the same, the EMS Unit Scene Departure Time cannot be later than the ED Discharge Time"
EmsLeftTime,,3307,4,EMS Unit Scene Departure Time,EmsLeftDate,EMS Unit Scene Departure Date,HospitalDischargeDate,Hospital Discharge Date,HospitalDischargeTime,Hospital Discharge Time,"If EMS Unit Scene Departure Date and Hospital Discharge Date are the same, the EMS Unit Scene Departure Time cannot be later than the Hospital Discharge Time"
HospitalArrivalTime,,4607,4,ED/Hospital Arrival Time,HospitalArrivalDate,ED/Hospital Arrival Date,EdDischargeDate,ED Discharge Date,EdDischargeTime,ED Discharge Time,"if ED/Hospital Arrival Date and ED Discharge Date are the same, the ED/Hospital Arrival Time cannot be later than the ED Discharge Time"
HospitalArrivalTime,,4608,4,ED/Hospital Arrival Time,HospitalArrivalDate,ED/Hospital Arrival Date,HospitalDischargeDate,Hospital Discharge Date,HospitalDischargeTime,Hospital Discharge Time,"if ED/Hospital Arrival Date and Hospital Discharge Date are the same, the ED/Hospital Arrival Time cannot be later than the Hospital Discharge Time"
EdDischargeTime,,6408,4,ED Discharge Time,EdDischargeDate,ED Discharge Date,HospitalDischargeDate,Hospital Discharge Date,HospitalDischargeTime,Hospital Discharge Time,"If ED Discharge Date and Hospital Discharge Date are the same, the ED Discharge Time cannot be later than the Hospital Discharge Time"
HospitalProcedures[].HospitalProcedureStartTime,HospitalProcedures,6707,4,Hospital Procedure Start Time,HospitalProcedures[].HospitalProcedureStartDate,Hospital Procedure Start Date,HospitalDischargeDate,Hospital Discharge Date,HospitalDischargeTime,Hospital Discharge Time,"If Hospital Procedure Start Date and Hospital Discharge Date are the same, the Hospital Procedure Start Time cannot be later than the Hospital Discharge Time"
TbiCerebralMonitorTime,,10507,4,Cerebral Monitor Time,TbiCerebralMonitorDate,Cerebral Monitor Date,HospitalDischargeDate,Hospital Discharge Date,HospitalDischargeTime,Hospital Discharge Time,If Hospital Discharge Date and Cerebral Monitor Date are the same then Cerebral Monitor Time cannot be later than Hospital Discharge Time
VteProphylaxisTime,,10807,4,Venous Thromboembolism Prophylaxis Time,VteProphylaxisDate,Venous Thromboembolism Prophylaxis Date,HospitalDischargeDate,Hospital Discharge Date,HospitalDischargeTime,Hospital Discharge Time,"If Hospital Discharge Date and VTE prophylaxis Date are the same, VTE Prophylaxis Time cannot be later than Hospital Discharge Time"
