<NtdsRecords>
<NtdsRecord>
<LastModifiedDateTime>20071207113800</LastModifiedDateTime>
<PatientId>11</PatientId>
<FacilityId>99999</FacilityId>
<HomeZip biu='1'></HomeZip>
<HomeCountry>US</HomeCountry>
<HomeState>24</HomeState>
<HomeCounty>001</HomeCounty>
<HomeCity>12345</HomeCity>
<HomeResidence></HomeResidence>
<DateOfBirth>19750101</DateOfBirth>
<Age>20</Age>
<AgeUnits>4</AgeUnits>
<Races>
<item><Race>6</Race></item>
</Races>
<Ethnicity>2</Ethnicity>
<Sex>1</Sex>
<IncidentDate>20000101</IncidentDate>
<IncidentTime>010000</IncidentTime>
<WorkRelated>1</WorkRelated>
<!--<WorkRelated biu='2'></WorkRelated>-->
<PatientsOccupationalIndustry></PatientsOccupationalIndustry>
<PatientsOccupation></PatientsOccupation>
<PrimaryECode>800.0</PrimaryECode>
<LocationECode>3</LocationECode>
<AdditionalECode>833.3</AdditionalECode>
<InjuryZip>21050</InjuryZip>
<IncidentState>24</IncidentState>
<IncidentCountry>US</IncidentCountry>
<IncidentCounty>001</IncidentCounty>
<IncidentCity>12345</IncidentCity>
<ProtectiveDevices>
<item><ProtectiveDevice>2</ProtectiveDevice></item>
<item><ProtectiveDevice>3</ProtectiveDevice></item>
<item><ProtectiveDevice>6</ProtectiveDevice></item>
<item><ProtectiveDevice>8</ProtectiveDevice></item>
</ProtectiveDevices>
<ChildSpecificRestraint>1</ChildSpecificRestraint>
<AirbagDeployments>
<item><AirbagDeployment>2</AirbagDeployment></item>
</AirbagDeployments>
<EmsNotifyDate>20000101</EmsNotifyDate>
<EmsNotifyTime>011000</EmsNotifyTime>
<EmsArrivalDate>20000101</EmsArrivalDate>
<EmsArrivalTime>013000</EmsArrivalTime>
<EmsLeftDate>20000101</EmsLeftDate>
<EmsLeftTime>020000</EmsLeftTime>
<TransportMode>5</TransportMode>
<OtherTransportModes>
<item><OtherTransportMode>5</OtherTransportMode></item>
<item><OtherTransportMode>2</OtherTransportMode></item>
<item><OtherTransportMode>1</OtherTransportMode></item>
<item><OtherTransportMode>2</OtherTransportMode></item>
</OtherTransportModes>
<EmsSbp>132</EmsSbp>
<EmsPulseRate>123</EmsPulseRate>
<EmsRespiratoryRate>41</EmsRespiratoryRate>
<EmsPulseOximetry>50</EmsPulseOximetry>
<EmsGcsEye>1</EmsGcsEye>
<EmsGcsVerbal>2</EmsGcsVerbal>
<EmsGcsMotor>3</EmsGcsMotor>
<EmsTotalGcs>6</EmsTotalGcs>
<InterFacilityTransfer>2</InterFacilityTransfer>
<HospitalArrivalDate>20000101</HospitalArrivalDate>
<HospitalArrivalTime>050000</HospitalArrivalTime>
<Sbp>50</Sbp>
<PulseRate>123</PulseRate>
<Temperature>37</Temperature>
<RespiratoryRate>40</RespiratoryRate>
<RespiratoryAssistance></RespiratoryAssistance>
<PulseOximetry>20</PulseOximetry>
<SupplementalOxygen></SupplementalOxygen>
<GcsEye>3</GcsEye>
<GcsVerbal>3</GcsVerbal>
<GcsMotor>3</GcsMotor>
<TotalGcs>9</TotalGcs>
<GcsQualifiers>
<item><GcsQualifier>1</GcsQualifier></item>
</GcsQualifiers>
<AlcoholUseIndicators>4</AlcoholUseIndicators>
<DrugUseIndicators>
<item><DrugUseIndicator>4</DrugUseIndicator></item>
</DrugUseIndicators>
<EdDischargeDisposition>3</EdDischargeDisposition>
<DeathInEd biu='2'></DeathInEd>
<EdDischargeDate>20000101</EdDischargeDate>
<EdDischargeTime>100000</EdDischargeTime>
<HospitalProcedures>
	<item>
	<HospitalProcedure>38.66</HospitalProcedure>
	<HospitalProcedureStartDate>20000101</HospitalProcedureStartDate>
	<HospitalProcedureStartTime>000100</HospitalProcedureStartTime>
	</item>
	<item>
	<HospitalProcedure>30.01</HospitalProcedure>
	<HospitalProcedureStartDate>20000101</HospitalProcedureStartDate>
	<HospitalProcedureStartTime>120500</HospitalProcedureStartTime>
	</item>
</HospitalProcedures>
<ComorbidConditions>
	<item><ComorbidCondition>17</ComorbidCondition></item>
	<item><ComorbidCondition>24</ComorbidCondition></item>
	<item><ComorbidCondition>22</ComorbidCondition></item>
</ComorbidConditions>
<InjuryDiagnoses>
	<item><InjuryDiagnosis>821.00</InjuryDiagnosis></item>
	<item><InjuryDiagnosis>805.4</InjuryDiagnosis></item>
	<item><InjuryDiagnosis>861.22</InjuryDiagnosis></item>
</InjuryDiagnoses>
<AisCodes>
	<item>
	<AisPredot>851800</AisPredot>
	<AisSeverity></AisSeverity>
	<IssRegion>5</IssRegion>
	</item>
</AisCodes>
<AisVersion>8</AisVersion>
<IssLocal>22</IssLocal>
<TotalIcuLos>1</TotalIcuLos>
<TotalVentDays>1</TotalVentDays>
<HospitalDischargeDate>20000103</HospitalDischargeDate>
<HospitalDischargeTime>200000</HospitalDischargeTime>
<HospitalDischargeDisposition>2</HospitalDischargeDisposition>
<PrimaryMethodPayment>3</PrimaryMethodPayment>
<HospitalComplications>
	<item><HospitalComplication>5</HospitalComplication></item>
	<item><HospitalComplication>8</HospitalComplication></item>
	<item><HospitalComplication>14</HospitalComplication></item>
</HospitalComplications>
</NtdsRecord>
</NtdsRecords>
