Tag Name,List,Rule ID,Level,Description,Min,Max,Message
EmsPulseRate,,3703,3,Initial Field Pulse Rate,0,299,"Invalid, out of range"
EmsRespiratoryRate,,3803,3,Initial Field Respiratory Rate,0,99,"Invalid, out of range"
EmsSbp,,3603,3,Initial Field Systolic Blood Pressure,0,300,"Invalid, out of range"
RespiratoryRate,,5005,3,Initial ED/Hospital Respiratory Rate,0,99,"Invalid, out of range"
Sbp,,4704,3,Initial ED/Hospital Systolic Blood Pressure,0,300,"Invalid, out of range"
Temperature,,4903,3,Initial ED/Hospital Temperature,0,45,"Invalid, out of range"
PulseRate,,4804,3,Initial ED/Hospital Pulse Rate,0,299,"Invalid, out of range"
