Tag Name,List,Rule ID,Level,Description,Tag Name,Description,Tag Name,Description,Tag Name,Description,Message (Display IF <col 6> = <col 8> AND <col 1> is less than <col 10>)
EmsArrivalTime,,3103,4,EMS Unit Arrival on Scene Time,EmsArrivalDate,EMS Unit Arrival on Scene Date,EmsNotifyDate,EMS Dispatch Date,EmsNotifyTime,EMS Dispatch Time,"If EMS Unit Arrival on Scene Date and EMS Dispatch Date are the same, the EMS Unit Arrival on Scene Time cannot be earlier than the EMS Dispatch Time"
EmsLeftTime,,3303,4,EMS Unit Scene Departure Time,EmsLeftDate,EMS Unit Scene Departure Date,EmsNotifyDate,EMS Dispatch Date,EmsNotifyTime,EMS Dispatch Time,"If EMS Unit Scene Departure Date and EMS Dispatch Date are the same, the EMS Unit Scene Departure Time cannot be earlier than the EMS Dispatch Time"
EmsLeftTime,,3304,4,EMS Unit Scene Departure Time,EmsLeftDate,EMS Unit Scene Departure Date,EmsArrivalDate,EMS Unit Arrival on Scene Date,EmsArrivalTime,EMS Unit Arrival on Scene Time,"If EMS Unit Scene Departure Date and EMS Unit Arrival on Scene Date are the same, the EMS Unit Scene Departure Time cannot be earlier than the EMS Unit Arrival on Scene Time"
HospitalArrivalTime,,4604,4,ED/Hospital Arrival Time,HospitalArrivalDate,ED/Hospital Arrival Date,EmsNotifyDate,EMS Dispatch Date,EmsNotifyTime,EMS Dispatch Time,"If ED/Hospital Arrival Date and EMS Dispatch Date are the same, the ED/Hospital Arrival Time cannot be earlier than the EMS Dispatch Time"
HospitalArrivalTime,,4605,4,ED/Hospital Arrival Time,HospitalArrivalDate,ED/Hospital Arrival Date,EmsArrivalDate,EMS Unit Arrival on Scene Date,EmsArrivalTime,EMS Unit Arrival on Scene Time,"If ED/Hospital Arrival Date and EMS Unit Arrival on Scene Date are the same, the ED/Hospital Arrival Time cannot be earlier than the EMS Unit Arrival on Scene Time"
HospitalArrivalTime,,4606,4,ED/Hospital Arrival Time,HospitalArrivalDate,ED/Hospital Arrival Date,EmsLeftDate,EMS Unit Scene Departure Date,EmsLeftTime,EMS Unit Scene Departure Time,"If ED/Hospital Arrival Date and EMS Unit Scene Departure Date are the same, the ED/Hospital Arrival Time cannot be earlier than the EMS Unit Scene Departure Time"
EdDischargeTime,,6404,4,ED Discharge Time,EdDischargeDate,ED Discharge Date,EmsNotifyDate,EMS Dispatch Date,EmsNotifyTime,EMS Dispatch Time,"If ED Discharge Date and EMS Dispatch Date are the same, the ED Discharge Time cannot be earlier than the EMS Dispatch Time"
EdDischargeTime,,6405,4,ED Discharge Time,EdDischargeDate,ED Discharge Date,EmsArrivalDate,EMS Unit Arrival on Scene Date,EmsArrivalTime,EMS Unit Arrival on Scene Time,"If ED Discharge Date and EMS Unit Arrival on Scene Date are the same, the ED Discharge Time cannot be earlier than the EMS Unit Arrival on Scene Time"
EdDischargeTime,,6406,4,ED Discharge Time,EdDischargeDate,ED Discharge Date,EmsLeftDate,EMS Unit Scene Departure Date,EmsLeftTime,EMS Unit Scene Departure Time,"If ED Discharge Date and EMS Unit Scene Departure Date are the same, the ED Discharge Time cannot be earlier than the EMS Unit Scene Departure Time"
EdDischargeTime,,6407,4,ED Discharge Time,EdDischargeDate,ED Discharge Date,HospitalArrivalDate,ED/Hospital Arrival Date,HospitalArrivalTime,ED/Hospital Arrival Time,"If ED Discharge Date and ED/Hospital Arrival Date are the same, the ED Discharge Time cannot be earlier than the ED/Hospital Arrival Time"
HospitalProcedures[].HospitalProcedureStartTime,HospitalProcedures,6703,4,Hospital Procedure Start Time,HospitalProcedures[].HospitalProcedureStartDate,Hospital Procedure Start Date,EmsNotifyDate,EMS Dispatch Date,EmsNotifyTime,EMS Dispatch Time,"If Hospital Procedure Start Date and EMS Dispatch Date are the same, the Hospital Procedure Start Time cannot be earlier than the EMS Dispatch Time"
HospitalProcedures[].HospitalProcedureStartTime,HospitalProcedures,6704,4,Hospital Procedure Start Time,HospitalProcedures[].HospitalProcedureStartDate,Hospital Procedure Start Date,EmsArrivalDate,EMS Unit Arrival on Scene Date,EmsArrivalTime,EMS Unit Arrival on Scene Time,"If Hospital Procedure Start Date and EMS Unit Arrival on Scene Date are the same, the Hospital Procedure Start Time cannot be earlier than the EMS Unit Arrival on Scene Time"
HospitalProcedures[].HospitalProcedureStartTime,HospitalProcedures,6705,4,Hospital Procedure Start Time,HospitalProcedures[].HospitalProcedureStartDate,Hospital Procedure Start Date,EmsLeftDate,EMS Unit Scene Departure Date,EmsLeftTime,EMS Unit Scene Departure Time,"if Hospital Procedure Start Date and EMS Unit Scene Departure Date are the same, the Hospital Procedure Start Time cannot be earlier than the EMS Unit Scene Departure Time"
HospitalProcedures[].HospitalProcedureStartTime,HospitalProcedures,6706,4,Hospital Procedure Start Time,HospitalProcedures[].HospitalProcedureStartDate,Hospital Procedure Start Date,HospitalArrivalDate,ED/Hospital Arrival Date,HospitalArrivalTime,ED/Hospital Arrival Time,"If Hospital Procedure Start Date and ED/Hospital Arrival Date are the same, the Hospital Procedure Start Time cannot be earlier than the ED/Hospital Arrival Time"
HospitalDischargeTime,,7804,4,Hospital Discharge Time,HospitalDischargeDate,Hospital Discharge Date,EmsNotifyDate,EMS Dispatch Date,EmsNotifyTime,EMS Dispatch Time,"If Hospital Discharge Date and EMS Dispatch Date are the same, the Hospital Discharge Time cannot be earlier than the EMS Dispatch Time"
HospitalDischargeTime,,7805,4,Hospital Discharge Time,HospitalDischargeDate,Hospital Discharge Date,EmsArrivalDate,EMS Unit Arrival on Scene Date,EmsArrivalTime,EMS Unit Arrival on Scene Time,"If Hospital Discharge Date and EMS Unit Arrival on Scene Date are the same, the Hospital Discharge Time cannot be earlier than the EMS Unit Arrival on Scene Time"
HospitalDischargeTime,,7806,4,Hospital Discharge Time,HospitalDischargeDate,Hospital Discharge Date,EmsLeftDate,EMS Unit Scene Departure Date,EmsLeftTime,EMS Unit Scene Departure Time,"If Hospital Discharge Date and EMS Unit Scene Departure Date are the same, the Hospital Discharge Time cannot be earlier than the EMS Unit Scene Departure Time"
HospitalDischargeTime,,7807,4,Hospital Discharge Time,HospitalDischargeDate,Hospital Discharge Date,HospitalArrivalDate,ED/Hospital Arrival Date,HospitalArrivalTime,ED/Hospital Arrival Time,"If Hospital Discharge Date and ED/Hospital Arrival Date are the same, the Hospital Discharge Time cannot be earlier than the ED/Hospital Arrival Time"
HospitalDischargeTime,,7808,4,Hospital Discharge Time,HospitalDischargeDate,Hospital Discharge Date,EdDischargeDate,ED Discharge Date,EdDischargeTime,ED Discharge Time,"If Hospital Discharge Date and ED Discharge Date are the same, the Hospital Discharge Time cannot be earlier than the ED Discharge Time"
